{
    "Random Forest": {
        "Best Params": {
            "bootstrap": true,
            "criterion": "gini",
            "max_depth": 23,
            "max_features": null,
            "min_samples_leaf": 10,
            "min_samples_split": 10,
            "n_estimators": 158
        },
        "Best Cross-Validation Score": 0.7357142857142858,
        "Evaluation Metrics": {
            "Accuracy": 0.7777777777777778,
            "Precision": 0.78125,
            "Recall": 0.7777777777777778,
            "F1 Score": 0.7770897832817337,
            "ROC AUC": 0.8580246913580247,
            "Log Loss": 0.48757195229972017
        }
    },
    "XGBoost": {
        "Best Params": {
            "colsample_bytree": 0.5822442301302471,
            "gamma": 0.0,
            "learning_rate": 0.008449656469989561,
            "max_depth": 42,
            "n_estimators": 97,
            "reg_alpha": 0.051411425600642845,
            "reg_lambda": 0.012784501613158125,
            "subsample": 0.5436980575820081
        },
        "Best Cross-Validation Score": 0.7357142857142858,
        "Evaluation Metrics": {
            "Accuracy": 0.7777777777777778,
            "Precision": 0.78125,
            "Recall": 0.7777777777777778,
            "F1 Score": 0.7770897832817337,
            "ROC AUC": 0.8580246913580247,
            "Log Loss": 0.5546444275103258
        }
    },
    "Decision Tree": {
        "Best Params": {
            "criterion": "gini",
            "max_depth": 48,
            "min_samples_leaf": 5,
            "min_samples_split": 11,
            "splitter": "best"
        },
        "Best Cross-Validation Score": 0.7571428571428571,
        "Evaluation Metrics": {
            "Accuracy": 0.75,
            "Precision": 0.7507739938080494,
            "Recall": 0.75,
            "F1 Score": 0.7498069498069498,
            "ROC AUC": 0.882716049382716,
            "Log Loss": 1.3461612271360497
        }
    }
}