{
  "colsample_bytree": 0.5822442301302471,
  "gamma": 0.0,
  "learning_rate": 0.008449656469989561,
  "max_depth": 42,
  "n_estimators": 97,
  "reg_alpha": 0.051411425600642845,
  "reg_lambda": 0.012784501613158125,
  "subsample": 0.5436980575820081
}