{
  "colsample_bytree": 0.7966737909943387,
  "gamma": 0.07308542256808993,
  "learning_rate": 0.004090865170442748,
  "max_depth": 46,
  "n_estimators": 266,
  "reg_alpha": 0.000280983669528895,
  "reg_lambda": 0.8868806636738794,
  "subsample": 0.6446350219064877
}