{
  "colsample_bytree": 0.7488308432423043,
  "gamma": 2.48542283834478,
  "learning_rate": 0.06350358574702604,
  "max_depth": 43,
  "n_estimators": 315,
  "reg_alpha": 1e-08,
  "reg_lambda": 4.689152913628677e-05,
  "subsample": 0.9158057070341385
}