{
    "XGBoost": {
        "Best Params": {
            "colsample_bytree": 0.6393546086750419,
            "gamma": 0.0,
            "learning_rate": 0.29999999999999993,
            "max_depth": 15,
            "min_child_weight": 1,
            "n_estimators": 100,
            "reg_alpha": 1e-08,
            "reg_lambda": 1.0,
            "subsample": 1.0
        },
        "Best Cross-Validation Score": 0.764,
        "Evaluation Metrics": {
            "Accuracy": 0.6792452830188679,
            "Precision": 0.6942538593481989,
            "Recall": 0.6792452830188679,
            "F1 Score": 0.6743871156502392,
            "ROC AUC": 0.8247863247863249,
            "Log Loss": 0.5842120977228178
        }
    }
}