{
    "Random Forest": {
        "Best Params": {
            "bootstrap": false,
            "criterion": "entropy",
            "max_depth": 48,
            "max_features": "log2",
            "min_samples_leaf": 1,
            "min_samples_split": 2,
            "n_estimators": 351
        },
        "Best Cross-Validation Score": 0.7428571428571429,
        "Evaluation Metrics": {
            "Accuracy": 0.75,
            "Precision": 0.7571428571428572,
            "Recall": 0.75,
            "F1 Score": 0.7482517482517483,
            "ROC AUC": 0.8996913580246914,
            "Log Loss": 0.40900282280556843
        }
    },
    "XGBoost": {
        "Best Params": {
            "colsample_bytree": 0.9714352471427288,
            "gamma": 0.0,
            "learning_rate": 0.11466917429816896,
            "max_depth": 6,
            "n_estimators": 84,
            "reg_alpha": 1e-08,
            "reg_lambda": 9.591655176012551e-08,
            "subsample": 0.9705102790507778
        },
        "Best Cross-Validation Score": 0.7642857142857143,
        "Evaluation Metrics": {
            "Accuracy": 0.8055555555555556,
            "Precision": 0.8311036789297659,
            "Recall": 0.8055555555555556,
            "F1 Score": 0.8017309205350117,
            "ROC AUC": 0.8549382716049382,
            "Log Loss": 0.44103014907559424
        }
    },
    "Decision Tree": {
        "Best Params": {
            "criterion": "entropy",
            "max_depth": 6,
            "min_samples_leaf": 2,
            "min_samples_split": 12,
            "splitter": "random"
        },
        "Best Cross-Validation Score": 0.7571428571428571,
        "Evaluation Metrics": {
            "Accuracy": 0.7222222222222222,
            "Precision": 0.75,
            "Recall": 0.7222222222222222,
            "F1 Score": 0.7142857142857143,
            "ROC AUC": 0.7438271604938271,
            "Log Loss": 3.3983981274318396
        }
    }
}