{
  "colsample_bytree": 0.9714352471427288,
  "gamma": 0.0,
  "learning_rate": 0.11466917429816896,
  "max_depth": 6,
  "n_estimators": 84,
  "reg_alpha": 1e-08,
  "reg_lambda": 9.591655176012551e-08,
  "subsample": 0.9705102790507778
}