{
    "XGBoost": {
        "Best Params": {
            "colsample_bytree": 0.6501591322383813,
            "gamma": 2.8044133531372313,
            "learning_rate": 0.02418231696367851,
            "max_depth": 19,
            "n_estimators": 419,
            "reg_alpha": 0.00012504842930088965,
            "reg_lambda": 0.19846358999726407,
            "subsample": 0.7301285671859457
        },
        "Best Cross-Validation Score": 0.7236666666666667,
        "Evaluation Metrics": {
            "Accuracy": 0.6981132075471698,
            "Precision": 0.719609790291489,
            "Recall": 0.6981132075471698,
            "F1 Score": 0.691987968280011,
            "ROC AUC": 0.7692307692307693,
            "Log Loss": 0.5796247691065398
        }
    }
}