{
  "colsample_bytree": 0.6501591322383813,
  "gamma": 2.8044133531372313,
  "learning_rate": 0.02418231696367851,
  "max_depth": 19,
  "n_estimators": 419,
  "reg_alpha": 0.00012504842930088965,
  "reg_lambda": 0.19846358999726407,
  "subsample": 0.7301285671859457
}