{
    "XGBoost": {
        "Best Params": {
            "colsample_bytree": 1.0,
            "gamma": 0.0,
            "learning_rate": 0.29999999999999993,
            "max_depth": 15,
            "min_child_weight": 1,
            "n_estimators": 500,
            "reg_alpha": 1e-08,
            "reg_lambda": 1.0,
            "subsample": 1.0
        },
        "Best Cross-Validation Score": 0.7553333333333333,
        "Evaluation Metrics": {
            "Accuracy": 0.7358490566037735,
            "Precision": 0.7375741239892184,
            "Recall": 0.7358490566037735,
            "F1 Score": 0.735660914906198,
            "ROC AUC": 0.8247863247863247,
            "Log Loss": 0.6195480778403749
        }
    }
}