{
  "colsample_bytree": 0.6739118860145789,
  "gamma": 0.0,
  "learning_rate": 0.267738800106733,
  "max_depth": 34,
  "n_estimators": 418,
  "reg_alpha": 0.01352598375811754,
  "reg_lambda": 0.708027953948991,
  "subsample": 0.7472883835911539
}