{
    "Random Forest": {
        "Best Params": {
            "bootstrap": false,
            "criterion": "entropy",
            "max_depth": 50,
            "max_features": null,
            "min_samples_leaf": 1,
            "min_samples_split": 2,
            "n_estimators": 499
        },
        "Best Cross-Validation Score": 0.7857142857142857,
        "Evaluation Metrics": {
            "Accuracy": 0.7222222222222222,
            "Precision": 0.7222222222222222,
            "Recall": 0.7222222222222222,
            "F1 Score": 0.7222222222222222,
            "ROC AUC": 0.7824074074074074,
            "Log Loss": 7.101544502079481
        }
    },
    "XGBoost": {
        "Best Params": {
            "colsample_bytree": 0.8758974730242368,
            "gamma": 0.006395007119282081,
            "learning_rate": 0.06115878229553838,
            "max_depth": 48,
            "n_estimators": 447,
            "reg_alpha": 1.9251011928192576e-07,
            "reg_lambda": 5.645906331022341e-05,
            "subsample": 0.8634666626830005
        },
        "Best Cross-Validation Score": 0.8071428571428572,
        "Evaluation Metrics": {
            "Accuracy": 0.75,
            "Precision": 0.7571428571428572,
            "Recall": 0.75,
            "F1 Score": 0.7482517482517483,
            "ROC AUC": 0.861111111111111,
            "Log Loss": 0.45673069381311354
        }
    },
    "Decision Tree": {
        "Best Params": {
            "criterion": "entropy",
            "max_depth": 50,
            "min_samples_leaf": 3,
            "min_samples_split": 13,
            "splitter": "best"
        },
        "Best Cross-Validation Score": 0.7714285714285715,
        "Evaluation Metrics": {
            "Accuracy": 0.8333333333333334,
            "Precision": 0.8333333333333334,
            "Recall": 0.8333333333333334,
            "F1 Score": 0.8333333333333334,
            "ROC AUC": 0.9027777777777778,
            "Log Loss": 1.270812750283928
        }
    }
}