{
  "colsample_bytree": 0.509339979733649,
  "gamma": 4.729410455964823,
  "learning_rate": 0.3,
  "max_depth": 49,
  "n_estimators": 50,
  "reg_alpha": 6.07695122528492e-05,
  "reg_lambda": 1.3300781535027827e-06,
  "subsample": 0.9929631174640098
}