{
  "colsample_bytree": 0.9955629750671153,
  "gamma": 0.07598845363787689,
  "learning_rate": 0.2847805370863985,
  "max_depth": 12,
  "n_estimators": 485,
  "reg_alpha": 0.006377436338988675,
  "reg_lambda": 2.815854206384485e-07,
  "subsample": 0.994330780569024
}