{
  "colsample_bytree": 0.5,
  "gamma": 3.4023629647378018,
  "learning_rate": 0.3,
  "max_depth": 21,
  "n_estimators": 321,
  "reg_alpha": 9.329571849890503e-05,
  "reg_lambda": 0.1691134593488888,
  "subsample": 1.0
}