{
    "XGBoost": {
        "Best Params": {
            "colsample_bytree": 1.0,
            "gamma": 0.0,
            "learning_rate": 0.02826054196955701,
            "max_depth": 15,
            "min_child_weight": 1,
            "n_estimators": 500,
            "reg_alpha": 1e-08,
            "reg_lambda": 1.4340298704003012e-08,
            "subsample": 1.0
        },
        "Best Cross-Validation Score": 0.756,
        "Evaluation Metrics": {
            "Accuracy": 0.7735849056603774,
            "Precision": 0.7754716981132076,
            "Recall": 0.7735849056603774,
            "F1 Score": 0.7734236413481695,
            "ROC AUC": 0.8076923076923077,
            "Log Loss": 0.6255408738048864
        }
    }
}