{
  "colsample_bytree": 1.0,
  "gamma": 0.0,
  "learning_rate": 0.02826054196955701,
  "max_depth": 15,
  "min_child_weight": 1,
  "n_estimators": 500,
  "reg_alpha": 1e-08,
  "reg_lambda": 1.4340298704003012e-08,
  "subsample": 1.0
}