{
    "XGBoost": {
        "Best Params": {
            "colsample_bytree": 0.9562654846513436,
            "gamma": 1.802799956387824,
            "learning_rate": 0.004498053973347813,
            "max_depth": 2,
            "n_estimators": 343,
            "reg_alpha": 1.0,
            "reg_lambda": 1e-08,
            "subsample": 1.0
        },
        "Best Cross-Validation Score": 0.7241830065359477,
        "Evaluation Metrics": {
            "Accuracy": 0.7105263157894737,
            "Precision": 0.5048476454293628,
            "Recall": 0.7105263157894737,
            "F1 Score": 0.5902834008097166,
            "ROC AUC": 0.6717171717171717,
            "Log Loss": 0.5665187230998278
        }
    }
}