{
  "colsample_bytree": 0.9562654846513436,
  "gamma": 1.802799956387824,
  "learning_rate": 0.004498053973347813,
  "max_depth": 2,
  "n_estimators": 343,
  "reg_alpha": 1.0,
  "reg_lambda": 1e-08,
  "subsample": 1.0
}