{
    "XGBoost": {
        "Best Params": {
            "colsample_bytree": 1.0,
            "gamma": 0.0,
            "learning_rate": 0.026256876137016237,
            "max_depth": 15,
            "min_child_weight": 1,
            "n_estimators": 500,
            "reg_alpha": 1.0,
            "reg_lambda": 1.3733373179051223e-06,
            "subsample": 1.0
        },
        "Best CV Score": -0.5036265522560974,
        "Evaluation Metrics": {
            "Accuracy": 0.6,
            "Precision": 0.68,
            "Recall": 0.6,
            "F1 Score": 0.6264705882352941,
            "ROC AUC": 0.6403508771929824,
            "Log Loss": 0.6263972272453683
        }
    },
    "Decision Tree": {
        "Best Params": {
            "criterion": "gini",
            "max_depth": 2,
            "min_samples_leaf": 1,
            "min_samples_split": 20,
            "splitter": "best"
        },
        "Best CV Score": -0.6671156372614984,
        "Evaluation Metrics": {
            "Accuracy": 0.6,
            "Precision": 0.5428571428571428,
            "Recall": 0.6,
            "F1 Score": 0.57,
            "ROC AUC": 0.631578947368421,
            "Log Loss": 2.0175291162275175
        }
    },
    "Best Model": {
        "model_name": "XGBoost",
        "metric_value": 0.6263972272453683,
        "path": "..\\..\\data\\model\\XGBoost\\trained_model.pkl"
    }
}