{
    "XGBoost": {
        "Best Params": {
            "colsample_bytree": 0.759111701219239,
            "gamma": 0.0,
            "learning_rate": 0.021372574929018073,
            "max_depth": 6,
            "min_child_weight": 1,
            "n_estimators": 500,
            "reg_alpha": 1e-08,
            "reg_lambda": 1.0,
            "subsample": 1.0
        },
        "Best CV Score": 0.7757142857142857,
        "Evaluation Metrics": {
            "Accuracy": 0.8,
            "Precision": 0.8126984126984127,
            "Recall": 0.8,
            "F1 Score": 0.8049896049896051,
            "ROC AUC": 0.7017543859649122,
            "Log Loss": 0.6264862180977435
        }
    },
    "Random Forest": {
        "Best Params": {
            "bootstrap": true,
            "criterion": "gini",
            "max_depth": 50,
            "max_features": null,
            "min_samples_leaf": 1,
            "min_samples_split": 6,
            "n_estimators": 10
        },
        "Best CV Score": 0.8247619047619047,
        "Evaluation Metrics": {
            "Accuracy": 0.6,
            "Precision": 0.7230769230769231,
            "Recall": 0.6,
            "F1 Score": 0.6291666666666667,
            "ROC AUC": 0.7192982456140351,
            "Log Loss": 0.559441331583092
        }
    },
    "Decision Tree": {
        "Best Params": {
            "criterion": "entropy",
            "max_depth": 8,
            "min_samples_leaf": 1,
            "min_samples_split": 2,
            "splitter": "best"
        },
        "Best CV Score": 0.7952380952380953,
        "Evaluation Metrics": {
            "Accuracy": 0.52,
            "Precision": 0.6053333333333333,
            "Recall": 0.52,
            "F1 Score": 0.5517647058823529,
            "ROC AUC": 0.42105263157894735,
            "Log Loss": 17.312460909674304
        }
    },
    "CatBoost": {
        "Best Params": {
            "bagging_temperature": 0.0,
            "border_count": 38,
            "depth": 6,
            "iterations": 282,
            "l2_leaf_reg": 1.6305415573022148,
            "learning_rate": 0.10232573483248794
        },
        "Best CV Score": 0.8047619047619048,
        "Evaluation Metrics": {
            "Accuracy": 0.68,
            "Precision": 0.7546666666666667,
            "Recall": 0.68,
            "F1 Score": 0.7011764705882352,
            "ROC AUC": 0.7456140350877193,
            "Log Loss": 0.7782311596930017
        }
    },
    "Best Model": {
        "model_name": "XGBoost",
        "metric_value": 0.8,
        "path": "/workspaces/spl_freethrow_biomechanics_analysis_ml_prediction/data/model/XGBoost/trained_model.pkl"
    }
}