{
    "XGBoost": {
        "Best Params": {
            "colsample_bytree": 0.5,
            "gamma": 0.0,
            "learning_rate": 0.19299136066682088,
            "max_depth": 11,
            "min_child_weight": 1,
            "n_estimators": 100,
            "reg_alpha": 1.0,
            "reg_lambda": 0.0008179499757374272,
            "subsample": 1.0
        },
        "Best CV Score": 0.7757142857142857,
        "Evaluation Metrics": {
            "Accuracy": 0.52,
            "Precision": 0.6053333333333333,
            "Recall": 0.52,
            "F1 Score": 0.5517647058823529,
            "ROC AUC": 0.5789473684210527,
            "Log Loss": 0.6702387037102464
        }
    },
    "Random Forest": {
        "Best Params": {
            "bootstrap": true,
            "criterion": "gini",
            "max_depth": 50,
            "max_features": null,
            "min_samples_leaf": 1,
            "min_samples_split": 6,
            "n_estimators": 10
        },
        "Best CV Score": 0.8247619047619047,
        "Evaluation Metrics": {
            "Accuracy": 0.6,
            "Precision": 0.7230769230769231,
            "Recall": 0.6,
            "F1 Score": 0.6291666666666667,
            "ROC AUC": 0.7192982456140351,
            "Log Loss": 0.559441331583092
        }
    },
    "Decision Tree": {
        "Best Params": {
            "criterion": "entropy",
            "max_depth": 8,
            "min_samples_leaf": 1,
            "min_samples_split": 2,
            "splitter": "best"
        },
        "Best CV Score": 0.7952380952380953,
        "Evaluation Metrics": {
            "Accuracy": 0.52,
            "Precision": 0.6053333333333333,
            "Recall": 0.52,
            "F1 Score": 0.5517647058823529,
            "ROC AUC": 0.42105263157894735,
            "Log Loss": 17.312460909674304
        }
    },
    "CatBoost": {
        "Best Params": {
            "bagging_temperature": 0.0,
            "border_count": 38,
            "depth": 6,
            "iterations": 282,
            "l2_leaf_reg": 1.6305415572969149,
            "learning_rate": 0.1023257348322835
        },
        "Best CV Score": 0.8047619047619048,
        "Evaluation Metrics": {
            "Accuracy": 0.68,
            "Precision": 0.7546666666666667,
            "Recall": 0.68,
            "F1 Score": 0.7011764705882352,
            "ROC AUC": 0.7456140350877193,
            "Log Loss": 0.7782311596930017
        }
    },
    "Best Model": {
        "model_name": "CatBoost",
        "metric_value": 0.68,
        "path": "../../data/model/CatBoost/trained_model.pkl"
    }
}