{
    "Random Forest": {
        "Best Params": {
            "bootstrap": true,
            "criterion": "gini",
            "max_depth": 29,
            "max_features": null,
            "min_samples_leaf": 1,
            "min_samples_split": 2,
            "n_estimators": 500
        },
        "Best Cross-Validation Score": 0.7857142857142858,
        "Evaluation Metrics": {
            "Accuracy": 0.8055555555555556,
            "Precision": 0.8065015479876161,
            "Recall": 0.8055555555555556,
            "F1 Score": 0.8054054054054054,
            "ROC AUC": 0.9243827160493827,
            "Log Loss": 0.38008470822853413
        }
    },
    "XGBoost": {
        "Best Params": {
            "colsample_bytree": 0.6196812132590586,
            "gamma": 0.8281463576942378,
            "learning_rate": 0.3,
            "max_depth": 2,
            "n_estimators": 426,
            "reg_alpha": 1.0,
            "reg_lambda": 7.757598098253328e-07,
            "subsample": 0.6751036878558564
        },
        "Best Cross-Validation Score": 0.7785714285714287,
        "Evaluation Metrics": {
            "Accuracy": 0.6388888888888888,
            "Precision": 0.6428571428571428,
            "Recall": 0.6388888888888888,
            "F1 Score": 0.6363636363636364,
            "ROC AUC": 0.7314814814814814,
            "Log Loss": 0.6164387505273572
        }
    },
    "Decision Tree": {
        "Best Params": {
            "criterion": "entropy",
            "max_depth": 14,
            "min_samples_leaf": 3,
            "min_samples_split": 11,
            "splitter": "best"
        },
        "Best Cross-Validation Score": 0.7714285714285715,
        "Evaluation Metrics": {
            "Accuracy": 0.8055555555555556,
            "Precision": 0.8065015479876161,
            "Recall": 0.8055555555555556,
            "F1 Score": 0.8054054054054054,
            "ROC AUC": 0.8919753086419753,
            "Log Loss": 1.2962652706137656
        }
    }
}