{
    "XGBoost": {
        "Best Params": {
            "colsample_bytree": 0.8204062477979053,
            "gamma": 0.0,
            "learning_rate": 0.29999999999999993,
            "max_depth": 6,
            "min_child_weight": 1,
            "n_estimators": 500,
            "reg_alpha": 1.0,
            "reg_lambda": 0.0007950554976545644,
            "subsample": 0.8647446418873381
        },
        "Best CV Score": 0.7857142857142858,
        "Evaluation Metrics": {
            "Accuracy": 0.72,
            "Precision": 0.7040000000000001,
            "Recall": 0.72,
            "F1 Score": 0.7108624708624709,
            "ROC AUC": 0.6491228070175439,
            "Log Loss": 0.6448498467934677
        }
    },
    "Random Forest": {
        "Best Params": {
            "bootstrap": true,
            "criterion": "gini",
            "max_depth": 50,
            "max_features": null,
            "min_samples_leaf": 1,
            "min_samples_split": 6,
            "n_estimators": 10
        },
        "Best CV Score": 0.8247619047619047,
        "Evaluation Metrics": {
            "Accuracy": 0.6,
            "Precision": 0.7230769230769231,
            "Recall": 0.6,
            "F1 Score": 0.6291666666666667,
            "ROC AUC": 0.7192982456140351,
            "Log Loss": 0.559441331583092
        }
    },
    "Decision Tree": {
        "Best Params": {
            "criterion": "entropy",
            "max_depth": 8,
            "min_samples_leaf": 1,
            "min_samples_split": 2,
            "splitter": "best"
        },
        "Best CV Score": 0.7952380952380953,
        "Evaluation Metrics": {
            "Accuracy": 0.52,
            "Precision": 0.6053333333333333,
            "Recall": 0.52,
            "F1 Score": 0.5517647058823529,
            "ROC AUC": 0.42105263157894735,
            "Log Loss": 17.312460909674304
        }
    },
    "CatBoost": {
        "Best Params": {
            "bagging_temperature": 0.6886339372123115,
            "border_count": 39,
            "depth": 6,
            "iterations": 199,
            "l2_leaf_reg": 1.8685607895167105,
            "learning_rate": 0.12123333562326334
        },
        "Best CV Score": 0.8342857142857142,
        "Evaluation Metrics": {
            "Accuracy": 0.68,
            "Precision": 0.7546666666666667,
            "Recall": 0.68,
            "F1 Score": 0.7011764705882352,
            "ROC AUC": 0.6929824561403509,
            "Log Loss": 0.6694514642704685
        }
    },
    "Best Model": {
        "model_name": "XGBoost",
        "metric_value": 0.72,
        "path": "C:\\Users\\ghadf\\vscode_projects\\docker_projects\\spl_freethrow_biomechanics_analysis_ml_prediction\\data\\model\\XGBoost\\trained_model.pkl"
    }
}