{
    "XGBoost": {
        "Best Params": {
            "colsample_bytree": 0.8916462674302099,
            "gamma": 3.8368483447583,
            "learning_rate": 0.11469913286821162,
            "max_depth": 13,
            "n_estimators": 172,
            "reg_alpha": 9.398102855102819e-07,
            "reg_lambda": 0.0007965986451941633,
            "subsample": 0.8406852544157606
        },
        "Best Cross-Validation Score": 0.7316666666666667,
        "Evaluation Metrics": {
            "Accuracy": 0.7735849056603774,
            "Precision": 0.780585179108559,
            "Recall": 0.7735849056603774,
            "F1 Score": 0.7726145552560647,
            "ROC AUC": 0.7977207977207977,
            "Log Loss": 0.5522371002990007
        }
    }
}