{
    "XGBoost": {
        "Best Params": {
            "colsample_bytree": 0.6434186488740058,
            "gamma": 4.8427422089670085,
            "learning_rate": 0.004448160396072887,
            "max_depth": 5,
            "n_estimators": 221,
            "reg_alpha": 8.602576753355146e-07,
            "reg_lambda": 0.02121650936800255,
            "subsample": 0.6113813862017976
        },
        "Best Cross-Validation Score": 0.723529411764706,
        "Evaluation Metrics": {
            "Accuracy": 0.7105263157894737,
            "Precision": 0.5048476454293628,
            "Recall": 0.7105263157894737,
            "F1 Score": 0.5902834008097166,
            "ROC AUC": 0.7407407407407407,
            "Log Loss": 0.5518897470149637
        }
    }
}