{
    "XGBoost": {
        "Best Params": {
            "colsample_bytree": 0.5,
            "gamma": 0.0,
            "learning_rate": 0.29999999999999993,
            "max_depth": 15,
            "min_child_weight": 1,
            "n_estimators": 500,
            "reg_alpha": 1e-08,
            "reg_lambda": 1e-08,
            "subsample": 1.0
        },
        "Best Cross-Validation Score": 0.7476666666666666,
        "Evaluation Metrics": {
            "Accuracy": 0.6792452830188679,
            "Precision": 0.6869916449952967,
            "Recall": 0.6792452830188679,
            "F1 Score": 0.6769484357794756,
            "ROC AUC": 0.7706552706552707,
            "Log Loss": 0.807099440975708
        }
    }
}