{
    "XGBoost": {
        "Best Params": {
            "colsample_bytree": 0.7543970511909057,
            "gamma": 3.9792665420670517,
            "learning_rate": 0.010804258950320209,
            "max_depth": 6,
            "n_estimators": 141,
            "reg_alpha": 5.437334289417431e-08,
            "reg_lambda": 0.22741142785195184,
            "subsample": 0.520186168189689
        },
        "Best Cross-Validation Score": 0.7124183006535948,
        "Evaluation Metrics": {
            "Accuracy": 0.7105263157894737,
            "Precision": 0.5048476454293628,
            "Recall": 0.7105263157894737,
            "F1 Score": 0.5902834008097166,
            "ROC AUC": 0.734006734006734,
            "Log Loss": 0.5399729607294017
        }
    }
}