{
  "colsample_bytree": 0.7543970511909057,
  "gamma": 3.9792665420670517,
  "learning_rate": 0.010804258950320209,
  "max_depth": 6,
  "n_estimators": 141,
  "reg_alpha": 5.437334289417431e-08,
  "reg_lambda": 0.22741142785195184,
  "subsample": 0.520186168189689
}