{
  "colsample_bytree": 0.9272704209985919,
  "gamma": 0.4332790145894594,
  "learning_rate": 0.001,
  "max_depth": 43,
  "n_estimators": 500,
  "reg_alpha": 1.7779692286759924e-05,
  "reg_lambda": 0.021286084546390475,
  "subsample": 1.0
}