{
    "Random Forest": {
        "Best Params": {
            "bootstrap": true,
            "criterion": "entropy",
            "max_depth": 7,
            "max_features": null,
            "min_samples_leaf": 9,
            "min_samples_split": 20,
            "n_estimators": 123
        },
        "Best Cross-Validation Score": 0.7357142857142858,
        "Evaluation Metrics": {
            "Accuracy": 0.75,
            "Precision": 0.7507739938080494,
            "Recall": 0.75,
            "F1 Score": 0.7498069498069498,
            "ROC AUC": 0.8302469135802468,
            "Log Loss": 0.5164438272212821
        }
    },
    "XGBoost": {
        "Best Params": {
            "colsample_bytree": 1.0,
            "gamma": 0.0,
            "learning_rate": 0.0019093964420763426,
            "max_depth": 46,
            "n_estimators": 461,
            "reg_alpha": 2.2649297716699782e-07,
            "reg_lambda": 6.85291709238238e-06,
            "subsample": 1.0
        },
        "Best Cross-Validation Score": 0.7571428571428571,
        "Evaluation Metrics": {
            "Accuracy": 0.8611111111111112,
            "Precision": 0.8622291021671826,
            "Recall": 0.8611111111111112,
            "F1 Score": 0.861003861003861,
            "ROC AUC": 0.8904320987654322,
            "Log Loss": 0.46572485481005393
        }
    },
    "Decision Tree": {
        "Best Params": {
            "criterion": "gini",
            "max_depth": 35,
            "min_samples_leaf": 5,
            "min_samples_split": 12,
            "splitter": "best"
        },
        "Best Cross-Validation Score": 0.7571428571428571,
        "Evaluation Metrics": {
            "Accuracy": 0.75,
            "Precision": 0.7507739938080494,
            "Recall": 0.75,
            "F1 Score": 0.7498069498069498,
            "ROC AUC": 0.882716049382716,
            "Log Loss": 1.3461612271360497
        }
    }
}