{
    "Random Forest": {
        "Best Params": {
            "bootstrap": false,
            "criterion": "gini",
            "max_depth": 32,
            "max_features": null,
            "min_samples_leaf": 5,
            "min_samples_split": 2,
            "n_estimators": 500
        },
        "Best Cross-Validation Score": 0.7642857142857142,
        "Evaluation Metrics": {
            "Accuracy": 0.7222222222222222,
            "Precision": 0.7337662337662336,
            "Recall": 0.7222222222222222,
            "F1 Score": 0.71875,
            "ROC AUC": 0.8873456790123457,
            "Log Loss": 1.3610803234403523
        }
    },
    "XGBoost": {
        "Best Params": {
            "colsample_bytree": 0.7179329270367301,
            "gamma": 0.0,
            "learning_rate": 0.3,
            "max_depth": 8,
            "n_estimators": 462,
            "reg_alpha": 0.018138827267597777,
            "reg_lambda": 0.0007968168894940037,
            "subsample": 1.0
        },
        "Best Cross-Validation Score": 0.7428571428571429,
        "Evaluation Metrics": {
            "Accuracy": 0.75,
            "Precision": 0.7709030100334447,
            "Recall": 0.75,
            "F1 Score": 0.7450826121164438,
            "ROC AUC": 0.8302469135802469,
            "Log Loss": 0.527025599259315
        }
    },
    "Decision Tree": {
        "Best Params": {
            "criterion": "gini",
            "max_depth": 47,
            "min_samples_leaf": 5,
            "min_samples_split": 3,
            "splitter": "best"
        },
        "Best Cross-Validation Score": 0.75,
        "Evaluation Metrics": {
            "Accuracy": 0.7222222222222222,
            "Precision": 0.7337662337662336,
            "Recall": 0.7222222222222222,
            "F1 Score": 0.71875,
            "ROC AUC": 0.8873456790123457,
            "Log Loss": 1.3579969047835747
        }
    }
}