{
  "colsample_bytree": 0.7179329270367301,
  "gamma": 0.0,
  "learning_rate": 0.3,
  "max_depth": 8,
  "n_estimators": 462,
  "reg_alpha": 0.018138827267597777,
  "reg_lambda": 0.0007968168894940037,
  "subsample": 1.0
}