{
    "Random Forest": {
        "Best Params": {
            "bootstrap": false,
            "criterion": "entropy",
            "max_depth": 37,
            "max_features": null,
            "min_samples_leaf": 1,
            "min_samples_split": 2,
            "n_estimators": 500
        },
        "Best Cross-Validation Score": 0.7785714285714286,
        "Evaluation Metrics": {
            "Accuracy": 0.7222222222222222,
            "Precision": 0.7222222222222222,
            "Recall": 0.7222222222222222,
            "F1 Score": 0.7222222222222222,
            "ROC AUC": 0.7824074074074074,
            "Log Loss": 7.101544501633697
        }
    },
    "XGBoost": {
        "Best Params": {
            "colsample_bytree": 0.5,
            "gamma": 0.0,
            "learning_rate": 0.3,
            "max_depth": 2,
            "n_estimators": 500,
            "reg_alpha": 5.0904390101035695e-06,
            "reg_lambda": 1.0,
            "subsample": 0.7725407491708494
        },
        "Best Cross-Validation Score": 0.8071428571428572,
        "Evaluation Metrics": {
            "Accuracy": 0.6666666666666666,
            "Precision": 0.6875,
            "Recall": 0.6666666666666666,
            "F1 Score": 0.6571428571428571,
            "ROC AUC": 0.7469135802469136,
            "Log Loss": 0.6359253478932884
        }
    },
    "Decision Tree": {
        "Best Params": {
            "criterion": "gini",
            "max_depth": 41,
            "min_samples_leaf": 4,
            "min_samples_split": 15,
            "splitter": "best"
        },
        "Best Cross-Validation Score": 0.7642857142857145,
        "Evaluation Metrics": {
            "Accuracy": 0.75,
            "Precision": 0.7709030100334447,
            "Recall": 0.75,
            "F1 Score": 0.7450826121164438,
            "ROC AUC": 0.8981481481481481,
            "Log Loss": 1.3401358623553352
        }
    }
}