{
  "colsample_bytree": 0.5,
  "gamma": 0.0,
  "learning_rate": 0.3,
  "max_depth": 2,
  "n_estimators": 500,
  "reg_alpha": 5.0904390101035695e-06,
  "reg_lambda": 1.0,
  "subsample": 0.7725407491708494
}