{
    "XGBoost": {
        "Best Params": {
            "colsample_bytree": 1.0,
            "gamma": 0.0,
            "learning_rate": 0.29999999999999993,
            "max_depth": 3,
            "min_child_weight": 1,
            "n_estimators": 500,
            "reg_alpha": 1.6314426531658484e-06,
            "reg_lambda": 1.3215808064260005e-05,
            "subsample": 0.9076107549328074
        },
        "Best CV Score": -0.2943313752372294,
        "Evaluation Metrics": {
            "Accuracy": 0.52,
            "Precision": 0.7505555555555555,
            "Recall": 0.52,
            "F1 Score": 0.5433766233766233,
            "ROC AUC": 0.5701754385964912,
            "Log Loss": 1.3932326425823018
        }
    }
}