{
    "Random Forest": {
        "Best Params": {
            "bootstrap": true,
            "criterion": "gini",
            "max_depth": 47,
            "max_features": null,
            "min_samples_leaf": 1,
            "min_samples_split": 2,
            "n_estimators": 500
        },
        "Best Cross-Validation Score": 0.7857142857142858,
        "Evaluation Metrics": {
            "Accuracy": 0.8055555555555556,
            "Precision": 0.8065015479876161,
            "Recall": 0.8055555555555556,
            "F1 Score": 0.8054054054054054,
            "ROC AUC": 0.9243827160493827,
            "Log Loss": 0.38008470822853413
        }
    },
    "XGBoost": {
        "Best Params": {
            "colsample_bytree": 0.5,
            "gamma": 0.0,
            "learning_rate": 0.3,
            "max_depth": 2,
            "n_estimators": 50,
            "reg_alpha": 1.0,
            "reg_lambda": 1e-08,
            "subsample": 0.5
        },
        "Best Cross-Validation Score": 0.7928571428571429,
        "Evaluation Metrics": {
            "Accuracy": 0.6666666666666666,
            "Precision": 0.6875,
            "Recall": 0.6666666666666666,
            "F1 Score": 0.6571428571428571,
            "ROC AUC": 0.6790123456790124,
            "Log Loss": 0.667666256517188
        }
    },
    "Decision Tree": {
        "Best Params": {
            "criterion": "entropy",
            "max_depth": 20,
            "min_samples_leaf": 2,
            "min_samples_split": 11,
            "splitter": "best"
        },
        "Best Cross-Validation Score": 0.7642857142857142,
        "Evaluation Metrics": {
            "Accuracy": 0.75,
            "Precision": 0.7507739938080494,
            "Recall": 0.75,
            "F1 Score": 0.7498069498069498,
            "ROC AUC": 0.7839506172839505,
            "Log Loss": 4.293359551059285
        }
    }
}