{
  "colsample_bytree": 0.9643213884240198,
  "gamma": 1.3068880239452605,
  "learning_rate": 0.001595174184188669,
  "max_depth": 45,
  "n_estimators": 329,
  "reg_alpha": 0.0002971956275165124,
  "reg_lambda": 0.0004972346162574507,
  "subsample": 0.6166267299346503
}