{
    "Random Forest": {
        "Best Params": {
            "bootstrap": true,
            "criterion": "gini",
            "max_depth": 50,
            "max_features": null,
            "min_samples_leaf": 1,
            "min_samples_split": 3,
            "n_estimators": 185
        },
        "Best Cross-Validation Score": 0.7642857142857142,
        "Evaluation Metrics": {
            "Accuracy": 0.8333333333333334,
            "Precision": 0.8506493506493507,
            "Recall": 0.8333333333333334,
            "F1 Score": 0.8312499999999999,
            "ROC AUC": 0.947530864197531,
            "Log Loss": 0.38017828032102086
        }
    },
    "XGBoost": {
        "Best Params": {
            "colsample_bytree": 0.836135242323151,
            "gamma": 1.316156802009012,
            "learning_rate": 0.0025591053849741904,
            "max_depth": 8,
            "n_estimators": 115,
            "reg_alpha": 1.2814227479289823e-06,
            "reg_lambda": 3.0258471816567583e-06,
            "subsample": 0.9977121672584621
        },
        "Best Cross-Validation Score": 0.7785714285714286,
        "Evaluation Metrics": {
            "Accuracy": 0.8333333333333334,
            "Precision": 0.8333333333333334,
            "Recall": 0.8333333333333334,
            "F1 Score": 0.8333333333333334,
            "ROC AUC": 0.9135802469135803,
            "Log Loss": 0.5900647946211017
        }
    },
    "Decision Tree": {
        "Best Params": {
            "criterion": "gini",
            "max_depth": 50,
            "min_samples_leaf": 5,
            "min_samples_split": 11,
            "splitter": "best"
        },
        "Best Cross-Validation Score": 0.7571428571428571,
        "Evaluation Metrics": {
            "Accuracy": 0.75,
            "Precision": 0.7507739938080494,
            "Recall": 0.75,
            "F1 Score": 0.7498069498069498,
            "ROC AUC": 0.882716049382716,
            "Log Loss": 1.3461612271360497
        }
    }
}