{
  "colsample_bytree": 0.836135242323151,
  "gamma": 1.316156802009012,
  "learning_rate": 0.0025591053849741904,
  "max_depth": 8,
  "n_estimators": 115,
  "reg_alpha": 1.2814227479289823e-06,
  "reg_lambda": 3.0258471816567583e-06,
  "subsample": 0.9977121672584621
}