{
    "XGBoost": {
        "Best Params": {
            "colsample_bytree": 0.584611285300739,
            "gamma": 0.32100102641073774,
            "learning_rate": 0.27373383450614497,
            "max_depth": 6,
            "min_child_weight": 1,
            "n_estimators": 196,
            "reg_alpha": 0.00013812607814552905,
            "reg_lambda": 0.02059640838727782,
            "subsample": 0.9979674226351916
        },
        "Best Cross-Validation Score": 0.772,
        "Evaluation Metrics": {
            "Accuracy": 0.7169811320754716,
            "Precision": 0.7203968770331814,
            "Recall": 0.7169811320754716,
            "F1 Score": 0.716375744122692,
            "ROC AUC": 0.8233618233618234,
            "Log Loss": 0.5717279877637187
        }
    }
}