{
  "colsample_bytree": 0.584611285300739,
  "gamma": 0.32100102641073774,
  "learning_rate": 0.27373383450614497,
  "max_depth": 6,
  "min_child_weight": 1,
  "n_estimators": 196,
  "reg_alpha": 0.00013812607814552905,
  "reg_lambda": 0.02059640838727782,
  "subsample": 0.9979674226351916
}