{
    "XGBoost": {
        "Best Params": {
            "colsample_bytree": 0.6364453459223436,
            "gamma": 1.1738338567634061,
            "learning_rate": 0.01,
            "max_depth": 15,
            "min_child_weight": 1,
            "n_estimators": 100,
            "reg_alpha": 3.599024256370235e-06,
            "reg_lambda": 1e-08,
            "subsample": 1.0
        },
        "Best Cross-Validation Score": 0.7642857142857142,
        "Evaluation Metrics": {
            "Accuracy": 0.8055555555555556,
            "Precision": 0.8311036789297659,
            "Recall": 0.8055555555555556,
            "F1 Score": 0.8017309205350117,
            "ROC AUC": 0.8919753086419753,
            "Log Loss": 0.48896321231891243
        }
    }
}